item_links	website_category
/hu/product/_zanussi-zrt-18100-wa-kombin%C3%A1lt-h%C5%B1t%C5%91szekr%C3%A9ny-1112122.html	mediamarkt_refrigerator_links
/hu/product/_ok-ofk-35429-a1-kombin%C3%A1lt-h%C5%B1t%C5%91szekr%C3%A9ny-1278695.html	mediamarkt_refrigerator_links
/hu/product/_candy-cctos-482-wh-h%C5%B1t%C5%91szekr%C3%A9ny-1153176.html	mediamarkt_refrigerator_links
/hu/product/_whirlpool-w5-721e-ox-kombin%C3%A1lt-h%C5%B1t%C5%91szekr%C3%A9ny-1294001.html	mediamarkt_refrigerator_links
/hu/product/_whirlpool-wnf8-t2o-x-no-frost-kombin%C3%A1lt-h%C5%B1t%C5%91szekr%C3%A9ny-1237826.html	mediamarkt_refrigerator_links
/hu/product/_samsung-rb37j5925ss-ef-alulfagyaszt%C3%B3s-no-frost-h%C5%B1t%C5%91szekr%C3%A9ny-1230666.html	mediamarkt_refrigerator_links
/hu/product/_beko-rdsa-180k20-w-fel%C3%BClfagyaszt%C3%B3s-kombin%C3%A1lt-h%C5%B1t%C5%91szekr%C3%A9ny-1294474.html	mediamarkt_refrigerator_links
/hu/product/_hyundai-hyuvin6-borh%C5%B1t%C5%91-1165008.html	mediamarkt_refrigerator_links
/hu/product/_gorenje-rk-4171-anx-kombin%C3%A1lt-h%C5%B1t%C5%91szekr%C3%A9ny-1260883.html	mediamarkt_refrigerator_links
/hu/product/_bosch-kgv36vl32-s-kombin%C3%A1lt-h%C5%B1t%C5%91szekr%C3%A9ny-1140891.html	mediamarkt_refrigerator_links
/hu/product/_zanussi-zfu-27401-wa-fagyaszt%C3%B3szekr%C3%A9ny-1139485.html	mediamarkt_refrigerator_links
/hu/product/_candy-cwc-150-eu-borh%C5%B1t%C5%91-1285540.html	mediamarkt_refrigerator_links
/hu/product/_beko-rcsa270k20w-kombin%C3%A1lt-h%C5%B1t%C5%91szekr%C3%A9ny-1235268.html	mediamarkt_refrigerator_links
/hu/product/_zanussi-zra25600wa-h%C5%B1t%C5%91szekr%C3%A9ny-1112117.html	mediamarkt_refrigerator_links
/hu/product/_gorenje-rk-4171-anw-kombin%C3%A1lt-h%C5%B1t%C5%91szekr%C3%A9ny-1260882.html	mediamarkt_refrigerator_links
/hu/product/_whirlpool-w7-921o-k-aqua-no-frost-kombin%C3%A1lt-h%C5%B1t%C5%91szekr%C3%A9ny-1294014.html	mediamarkt_refrigerator_links
/hu/product/_beko-rcsa270k20x-alulfagyaszt%C3%B3s-kombin%C3%A1lt-h%C5%B1t%C5%91szekr%C3%A9ny-1235267.html	mediamarkt_refrigerator_links
/hu/product/_ok-odd-11119-a1-side-by-side-h%C5%B1t%C5%91szekr%C3%A9ny-1254461.html	mediamarkt_refrigerator_links
/hu/product/_beko-rdsa240k20w-fel%C3%BClfagyaszt%C3%B3s-kombin%C3%A1lt-h%C5%B1t%C5%91szekr%C3%A9ny-1235270.html	mediamarkt_refrigerator_links
/hu/product/_ok-ofr-21119-a2-h%C5%B1t%C5%91szekr%C3%A9ny-1254466.html	mediamarkt_refrigerator_links
/hu/product/_whirlpool-b-tnf-5012-ox-no-frost-kombin%C3%A1lt-h%C5%B1t%C5%91szekr%C3%A9ny-1205769.html	mediamarkt_refrigerator_links
/hu/product/_bosch-kgv58vl31-s-kombin%C3%A1lt-h%C5%B1t%C5%91szekr%C3%A9ny-1140899.html	mediamarkt_refrigerator_links
/hu/product/_zanussi-zfu19400wa-fagyaszt%C3%B3szekr%C3%A9ny-1112139.html	mediamarkt_refrigerator_links
/hu/product/_samsung-rb-30-j-3000-sa-ef-no-frost-h%C5%B1t%C5%91szekr%C3%A9ny-1171003.html	mediamarkt_refrigerator_links
/hu/product/_aeg-rke64021dx-h%C5%B1t%C5%91szekr%C3%A9ny-1255786.html	mediamarkt_refrigerator_links
/hu/product/_electrolux-ej2302aow2-kombin%C3%A1lt-h%C5%B1t%C5%91szekr%C3%A9ny-1140137.html	mediamarkt_refrigerator_links
/hu/product/_ok-ofk-23329-a1-fel%C3%BClfagyaszt%C3%B3s-h%C5%B1t%C5%91szekr%C3%A9ny-1254462.html	mediamarkt_refrigerator_links
/hu/product/_zanussi-zfc-51400-wa-fagyaszt%C3%B3l%C3%A1da-1120051.html	mediamarkt_refrigerator_links
/hu/product/_zanussi-zrt23100wa-kombin%C3%A1lt-h%C5%B1t%C5%91szekr%C3%A9ny-1112123.html	mediamarkt_refrigerator_links
/hu/product/_beko-rcsa-330k31-w-kombin%C3%A1lt-h%C5%B1t%C5%91szekr%C3%A9ny-1225951.html	mediamarkt_refrigerator_links
/hu/product/_electrolux-ert-1502-fow-3-h%C5%B1t%C5%91szekr%C3%A9ny-1171051.html	mediamarkt_refrigerator_links
/hu/product/_lg-gsj760pzxv-side-by-side-h%C5%B1t%C5%91szekr%C3%A9ny-1209977.html	mediamarkt_refrigerator_links
/hu/product/_zanussi-zra40100wa-h%C5%B1t%C5%91szekr%C3%A9ny-1112121.html	mediamarkt_refrigerator_links
/hu/product/_whirlpool-w7-931t-w-no-frost-kombin%C3%A1lt-h%C5%B1t%C5%91szekr%C3%A9ny-1294012.html	mediamarkt_refrigerator_links
/hu/product/_zanussi-zrg-16605-wa-h%C5%B1t%C5%91szekr%C3%A9ny-1170873.html	mediamarkt_refrigerator_links
/hu/product/_samsung-rb33j3205sa-ef-no-frost-kombin%C3%A1lt-h%C5%B1t%C5%91szekr%C3%A9ny-1210317.html	mediamarkt_refrigerator_links
/hu/product/_beko-rcsa330k21w-alulfagyaszt%C3%B3s-kombin%C3%A1lt-h%C5%B1t%C5%91szekr%C3%A9ny-1235269.html	mediamarkt_refrigerator_links
/hu/product/_zanussi-zrb36104xa-kombin%C3%A1lt-h%C5%B1t%C5%91szekr%C3%A9ny-1112132.html	mediamarkt_refrigerator_links
/hu/product/_zanussi-zfu23404wa-fagyaszt%C3%B3szekr%C3%A9ny-1195274.html	mediamarkt_refrigerator_links
/hu/product/_zanussi-zra22800wa-kombin%C3%A1lt-h%C5%B1t%C5%91szekr%C3%A9ny-1112118.html	mediamarkt_refrigerator_links
/hu/product/_zanussi-zrg11600wa-h%C5%B1t%C5%91szekr%C3%A9ny-1112111.html	mediamarkt_refrigerator_links
/hu/product/_lg-gbb61swjzn-no-frost-kombin%C3%A1lt-h%C5%B1t%C5%91szekr%C3%A9ny-1294119.html	mediamarkt_refrigerator_links
/hu/product/_candy-cctus-544wh-fagyaszt%C3%B3szekr%C3%A9ny-1196643.html	mediamarkt_refrigerator_links
/hu/product/_zanussi-zrt27100wa-kombin%C3%A1lt-h%C5%B1t%C5%91szekr%C3%A9ny-1112124.html	mediamarkt_refrigerator_links
/hu/product/_indesit-lr7-s2-w-kombin%C3%A1lt-h%C5%B1t%C5%91szekr%C3%A9ny-1209928.html	mediamarkt_refrigerator_links
/hu/product/_aeg-age52516nx-no-frost-fagyaszt%C3%B3szekr%C3%A9ny-1255790.html	mediamarkt_refrigerator_links
/hu/product/_whirlpool-w5-721e-w-kombin%C3%A1lt-h%C5%B1t%C5%91szekr%C3%A9ny-1294000.html	mediamarkt_refrigerator_links
/hu/product/_gorenje-rk-611-ps4-kombin%C3%A1lt-h%C5%B1t%C5%91szekr%C3%A9ny-1260861.html	mediamarkt_refrigerator_links
/hu/product/_whirlpool-w5-821e-w-kombin%C3%A1lt-h%C5%B1t%C5%91szekr%C3%A9ny-1294002.html	mediamarkt_refrigerator_links
/hu/product/_electrolux-ej2302aox2-kombin%C3%A1lt-h%C5%B1t%C5%91szekr%C3%A9ny-1139716.html	mediamarkt_refrigerator_links
/hu/product/_indesit-li7-s1-x-kombin%C3%A1lt-h%C5%B1t%C5%91szekr%C3%A9ny-1191059.html	mediamarkt_refrigerator_links
/hu/product/_bosch-kgv39vl31-s-kombin%C3%A1lt-h%C5%B1t%C5%91szekr%C3%A9ny-1140894.html	mediamarkt_refrigerator_links
/hu/product/_bosch-gsn-58-aw-35-fagyaszt%C3%B3szekr%C3%A9ny-1264261.html	mediamarkt_refrigerator_links
/hu/product/_gorenje-f-6181-aw-fagyaszt%C3%B3szekr%C3%A9ny-1094562.html	mediamarkt_refrigerator_links
/hu/product/_beko-rdsa-310m30-x-fel%C3%BClfagyaszt%C3%B3s-h%C5%B1t%C5%91-1234243.html	mediamarkt_refrigerator_links
/hu/product/_bomann-kb-340-w-h%C5%B1t%C5%91szekr%C3%A9ny-1299535.html	mediamarkt_refrigerator_links
/hu/product/_ok-ofk-34319-a2-fel%C3%BClfagyaszt%C3%B3s-h%C5%B1t%C5%91szekr%C3%A9ny-1254464.html	mediamarkt_refrigerator_links
/hu/product/_beko-rfsa-210k20w-fagyaszt%C3%B3szekr%C3%A9ny-1264315.html	mediamarkt_refrigerator_links
/hu/product/_zanussi-zrb-33103-wa-kombin%C3%A1lt-h%C5%B1t%C5%91szekr%C3%A9ny-1171044.html	mediamarkt_refrigerator_links
/hu/product/_electrolux-erf-4113-aow-h%C5%B1t%C5%91szekr%C3%A9ny-1171052.html	mediamarkt_refrigerator_links
/hu/product/_whirlpool-w5-821e-ox-kombin%C3%A1lt-h%C5%B1t%C5%91szekr%C3%A9ny-1294003.html	mediamarkt_refrigerator_links
/hu/product/_bosch-kgn39ai35-no-frost-kombin%C3%A1lt-h%C5%B1t%C5%91szekr%C3%A9ny-1198178.html	mediamarkt_refrigerator_links
/hu/product/_beko-fsa-13020-fagyaszt%C3%B3szekr%C3%A9ny-1098908.html	mediamarkt_refrigerator_links
/hu/product/_electrolux-ej2801aox2-kombin%C3%A1lt-h%C5%B1t%C5%91szekr%C3%A9ny-1139718.html	mediamarkt_refrigerator_links
/hu/product/_samsung-rb33j3205ww-ef-h%C5%B1t%C5%91szekr%C3%A9ny-1204927.html	mediamarkt_refrigerator_links
/hu/product/_electrolux-eut-1106-aw-2-fagyaszt%C3%B3szekr%C3%A9ny-1171059.html	mediamarkt_refrigerator_links
/hu/product/_hausmeister-hm-3101-h%C5%B1t%C5%91szekr%C3%A9ny-1095386.html	mediamarkt_refrigerator_links
/hu/product/_hyundai-hyuvin12a-borh%C5%B1t%C5%91-1131874.html	mediamarkt_refrigerator_links
/hu/product/_bosch-kge-392-l-4-a-kombin%C3%A1lt-h%C5%B1t%C5%91szekr%C3%A9ny-1264258.html	mediamarkt_refrigerator_links
/hu/product/_gorenje-rk-611-pw4-kombin%C3%A1lt-h%C5%B1t%C5%91szekr%C3%A9ny-1260860.html	mediamarkt_refrigerator_links
/hu/product/_electrolux-euf2047aow-fagyaszt%C3%B3szekr%C3%A9ny-1195323.html	mediamarkt_refrigerator_links
/hu/product/_ok-ofk-35469-a2-nf-no-frost-kombin%C3%A1lt-h%C5%B1t%C5%91szekr%C3%A9ny-1278699.html	mediamarkt_refrigerator_links
/hu/product/_zanussi-zrb36104wa-kombin%C3%A1lt-h%C5%B1t%C5%91szekr%C3%A9ny-1112131.html	mediamarkt_refrigerator_links
/hu/product/_beko-rcna-406i30xb-no-frost-kombin%C3%A1lt-h%C5%B1t%C5%91szekr%C3%A9ny-1307850.html	mediamarkt_refrigerator_links
/hu/product/_indesit-lr7-s2-x-alulfagyaszt%C3%B3s-h%C5%B1t%C5%91szekr%C3%A9ny-1209927.html	mediamarkt_refrigerator_links
/hu/product/_ok-ofk-46419-a2-nf-no-frost-kombin%C3%A1lt-h%C5%B1t%C5%91szekr%C3%A9ny-1278700.html	mediamarkt_refrigerator_links
/hu/product/_gorenje-rk-4172-anw-kombin%C3%A1lt-h%C5%B1t%C5%91szekr%C3%A9ny-1260884.html	mediamarkt_refrigerator_links
/hu/product/_gorenje-rk-612-ps4-kombin%C3%A1lt-h%C5%B1t%C5%91szekr%C3%A9ny-1260863.html	mediamarkt_refrigerator_links
/hu/product/_zanussi-zfc31401wa-fagyaszt%C3%B3l%C3%A1da-1121860.html	mediamarkt_refrigerator_links
/hu/product/_bosch-kgv36vw32-kombin%C3%A1lt-h%C5%B1t%C5%91szekr%C3%A9ny-1163685.html	mediamarkt_refrigerator_links
/hu/product/_zanussi-zra17800wa-kombin%C3%A1lt-h%C5%B1t%C5%91szekr%C3%A9ny-1112116.html	mediamarkt_refrigerator_links
/hu/product/_zanussi-zra21600wa-h%C5%B1t%C5%91szekr%C3%A9ny-1112115.html	mediamarkt_refrigerator_links
/hu/product/_ok-ofz-45219-a2-fagyaszt%C3%B3szekr%C3%A9ny-1254468.html	mediamarkt_refrigerator_links
/hu/product/_bosch-kgn49ai31-no-frost-kombin%C3%A1lt-h%C5%B1t%C5%91szekr%C3%A9ny-1238221.html	mediamarkt_refrigerator_links
/hu/product/_lg-gbb61pzjzn-no-frost-kombin%C3%A1lt-h%C5%B1t%C5%91szekr%C3%A9ny-1294118.html	mediamarkt_refrigerator_links
/hu/product/_haier-hrf-450ds6-side-by-side-h%C5%B1t%C5%91szekr%C3%A9ny-1234759.html	mediamarkt_refrigerator_links
/hu/product/_samsung-rb-33-j-3830-sa-ef-no-frost-h%C5%B1t%C5%91szekr%C3%A9ny-1170998.html	mediamarkt_refrigerator_links
/hu/product/_whirlpool-w7-931t-ox-h-no-frost-kombin%C3%A1lt-h%C5%B1t%C5%91szekr%C3%A9ny-1294013.html	mediamarkt_refrigerator_links
/hu/product/_zanussi-zfc31400wa-fagyaszt%C3%B3l%C3%A1da-1121859.html	mediamarkt_refrigerator_links
/hu/product/_bosch-kgv39vw31-kombin%C3%A1lt-h%C5%B1t%C5%91szekr%C3%A9ny-1140893.html	mediamarkt_refrigerator_links
/hu/product/_beko-ts-190020-h%C5%B1t%C5%91szekr%C3%A9ny-1237031.html	mediamarkt_refrigerator_links
/hu/product/_hyundai-fsb050ww8-fagyaszt%C3%B3szekr%C3%A9ny-1122233.html	mediamarkt_refrigerator_links
/hu/product/_lg-gtf916pzpzd-no-frost-kombin%C3%A1lt-h%C5%B1t%C5%91szekr%C3%A9ny-1243922.html	mediamarkt_refrigerator_links
/hu/product/_electrolux-en-3601-mox-kombin%C3%A1lt-h%C5%B1t%C5%91szekr%C3%A9ny-1140300.html	mediamarkt_refrigerator_links
/hu/product/_hyundai-hyuvin12b-borh%C5%B1t%C5%91-1123531.html	mediamarkt_refrigerator_links
/hu/product/_zanussi-zra33104wa-h%C5%B1t%C5%91szekr%C3%A9ny-1195335.html	mediamarkt_refrigerator_links
/hu/product/_samsung-rb37j506msa-ef-no-frost-kombin%C3%A1lt-h%C5%B1t%C5%91szekr%C3%A9ny-1287406.html	mediamarkt_refrigerator_links
/hu/product/_lg-gbf61pzjzn-no-frost-kombin%C3%A1lt-h%C5%B1t%C5%91szekr%C3%A9ny-1294117.html	mediamarkt_refrigerator_links
/hu/product/_hotpoint-ariston-entm-18220-vw-kombin%C3%A1lt-h%C5%B1t%C5%91szekr%C3%A9ny-1108529.html	mediamarkt_refrigerator_links
/hu/product/_zanussi-zrg-15805-wa-h%C5%B1t%C5%91szekr%C3%A9ny-1170872.html	mediamarkt_refrigerator_links
/hu/product/_electrolux-ej2301aox2-kombin%C3%A1lt-h%C5%B1t%C5%91szekr%C3%A9ny-1139715.html	mediamarkt_refrigerator_links
/hu/product/_electrolux-ert-1601-aow-3-h%C5%B1t%C5%91szekr%C3%A9ny-1171049.html	mediamarkt_refrigerator_links
/hu/product/_gorenje-fh-331-w-fagyaszt%C3%B3l%C3%A1da-1301268.html	mediamarkt_refrigerator_links
/hu/product/_aeg-rdb72321ax-fel%C3%BClfagyaszt%C3%B3s-h%C5%B1t%C5%91szekr%C3%A9ny-1229318.html	mediamarkt_refrigerator_links
/hu/product/_indesit-taa-5-fel%C3%BClfagyaszt%C3%B3s-kombin%C3%A1lt-h%C5%B1t%C5%91szekr%C3%A9ny-1097730.html	mediamarkt_refrigerator_links
/hu/product/_zanussi-zra33103wa-h%C5%B1t%C5%91szekr%C3%A9ny-1195334.html	mediamarkt_refrigerator_links
/hu/product/_electrolux-en3481mow-no-frost-kombin%C3%A1lt-h%C5%B1t%C5%91szekr%C3%A9ny-1287119.html	mediamarkt_refrigerator_links
/hu/product/_electrolux-erf2504aow-h%C5%B1t%C5%91szekr%C3%A9ny-1139712.html	mediamarkt_refrigerator_links
/hu/product/_bosch-kgn39vi45-no-frost-kombin%C3%A1lt-h%C5%B1t%C5%91szekr%C3%A9ny-1238220.html	mediamarkt_refrigerator_links
/hu/product/_ok-ofk-35459-a1-nf-no-frost-kombin%C3%A1lt-h%C5%B1t%C5%91szekr%C3%A9ny-1278698.html	mediamarkt_refrigerator_links
/hu/product/_whirlpool-w7-921o-ox-no-frost-kombin%C3%A1lt-h%C5%B1t%C5%91szekr%C3%A9ny-1294010.html	mediamarkt_refrigerator_links
/hu/product/_bosch-kgn36nl3a-kombin%C3%A1lt-h%C5%B1t%C5%91szekr%C3%A9ny-1233313.html	mediamarkt_refrigerator_links
/hu/product/_hyundai-hyursc050ww8-h%C5%B1t%C5%91szekr%C3%A9ny-1122232.html	mediamarkt_refrigerator_links
/hu/product/_haier-bd-103raa-fagyaszt%C3%B3l%C3%A1da-1266771.html	mediamarkt_refrigerator_links
/hu/product/_indesit-lr8-s2-wb-kombin%C3%A1lt-h%C5%B1t%C5%91szekr%C3%A9ny-1226760.html	mediamarkt_refrigerator_links
/hu/product/_aeg-rke64021dw-h%C5%B1t%C5%91szekr%C3%A9ny-1255785.html	mediamarkt_refrigerator_links
/hu/product/_bosch-ksv-33-vl-3-p-h%C5%B1t%C5%91szekr%C3%A9ny-1256155.html	mediamarkt_refrigerator_links
/hu/product/_indesit-li6-s1-w-kombin%C3%A1lt-h%C5%B1t%C5%91szekr%C3%A9ny-1191057.html	mediamarkt_refrigerator_links
/hu/product/_zanussi-zfc-21400-fagyaszt%C3%B3l%C3%A1da-1119905.html	mediamarkt_refrigerator_links
/hu/product/_zanussi-zfc-26400-wa-fagyaszt%C3%B3l%C3%A1da-1121823.html	mediamarkt_refrigerator_links
/hu/product/_samsung-rb37j5215ss-ef-h%C5%B1t%C5%91szekr%C3%A9ny-1204928.html	mediamarkt_refrigerator_links
/hu/product/_liebherr-cnpel-4813-21-kombin%C3%A1lt-h%C5%B1t%C5%91szekr%C3%A9ny-1253561.html	mediamarkt_refrigerator_links
/hu/product/_electrolux-erf1904fow-h%C5%B1t%C5%91szekr%C3%A9ny-1139711.html	mediamarkt_refrigerator_links
/hu/product/_zanussi-zrb36101wa-kombin%C3%A1lt-h%C5%B1t%C5%91szekr%C3%A9ny-1112127.html	mediamarkt_refrigerator_links
/hu/product/_electrolux-erf2404fow-h%C5%B1t%C5%91szekr%C3%A9ny-1139713.html	mediamarkt_refrigerator_links
/hu/product/_hyundai-hyuvin18-borh%C5%B1t%C5%91-1152695.html	mediamarkt_refrigerator_links
/hu/product/_beko-hsa-29530-fagyaszt%C3%B3l%C3%A1da-1187849.html	mediamarkt_refrigerator_links
/hu/product/_whirlpool-w7-831t-mx-no-frost-kombin%C3%A1lt-h%C5%B1t%C5%91szekr%C3%A9ny-1294008.html	mediamarkt_refrigerator_links
/hu/product/_gorenje-rk-6202-ex4-kombin%C3%A1lt-h%C5%B1t%C5%91szekr%C3%A9ny-1260875.html	mediamarkt_refrigerator_links
/hu/product/_bosch-kge-49-kl-4-p-kombin%C3%A1lt-h%C5%B1t%C5%91szekr%C3%A9ny-1264257.html	mediamarkt_refrigerator_links
/hu/product/_gorenje-r-4091-anw-h%C5%B1t%C5%91szekr%C3%A9ny-1239343.html	mediamarkt_refrigerator_links
/hu/product/_beko-rcsa-400k31-w-kombin%C3%A1lt-h%C5%B1t%C5%91szekr%C3%A9ny-1237025.html	mediamarkt_refrigerator_links
/hu/product/_bosch-kgn36nw30-no-frost-kombin%C3%A1lt-h%C5%B1t%C5%91szekr%C3%A9ny-1198176.html	mediamarkt_refrigerator_links
/hu/product/_beko-rcsa-225k20-w-kombin%C3%A1lt-h%C5%B1t%C5%91szekr%C3%A9ny-1294476.html	mediamarkt_refrigerator_links
/hu/product/_bosch-kge-49-vi-4-a-kombin%C3%A1lt-h%C5%B1t%C5%91szekr%C3%A9ny-1264260.html	mediamarkt_refrigerator_links
/hu/product/_indesit-lr9-s2q-f-x-b-kombin%C3%A1lt-h%C5%B1t%C5%91szekr%C3%A9ny-1285262.html	mediamarkt_refrigerator_links
/hu/product/_liebherr-tp-1410-h%C5%B1t%C5%91szekr%C3%A9ny-1193432.html	mediamarkt_refrigerator_links
/hu/product/_beko-rcsa-240m30-w-kombin%C3%A1lt-h%C5%B1t%C5%91szekr%C3%A9ny-1294477.html	mediamarkt_refrigerator_links
/hu/product/_beko-rcna-366k30xb-no-frost-alulfagyaszt%C3%B3s-kombin%C3%A1lt-h%C5%B1t%C5%91szekr%C3%A9ny-1298412.html	mediamarkt_refrigerator_links
/hu/product/_bomann-vs-354-b-h%C5%B1t%C5%91szekr%C3%A9ny-1299543.html	mediamarkt_refrigerator_links
/hu/product/_lg-gbb72sadfn-no-frost-kombin%C3%A1lt-h%C5%B1t%C5%91szekr%C3%A9ny-1294109.html	mediamarkt_refrigerator_links
/hu/product/_electrolux-ej2801aow2-kombin%C3%A1lt-h%C5%B1t%C5%91szekr%C3%A9ny-1139717.html	mediamarkt_refrigerator_links
/hu/product/_zanussi-zrb-34103-wa-kombin%C3%A1lt-h%C5%B1t%C5%91szekr%C3%A9ny-1171046.html	mediamarkt_refrigerator_links
/hu/product/_indesit-li8-s1-w-kombin%C3%A1lt-h%C5%B1t%C5%91szekr%C3%A9ny-1191060.html	mediamarkt_refrigerator_links
/hu/product/_beko-ssa-24020-h%C5%B1t%C5%91szekr%C3%A9ny-1178664.html	mediamarkt_refrigerator_links
/hu/product/_aeg-rke63221dx-h%C5%B1t%C5%91szekr%C3%A9ny-1255784.html	mediamarkt_refrigerator_links
/hu/product/_whirlpool-whs-2121-fagyaszt%C3%B3l%C3%A1da-1254287.html	mediamarkt_refrigerator_links
/hu/product/_liebherr-cuel-3331-kombin%C3%A1lt-h%C5%B1t%C5%91szekr%C3%A9ny-1281690.html	mediamarkt_refrigerator_links
/hu/product/_caso-wineduett-21-630-borh%C5%B1t%C5%91-1175468.html	mediamarkt_refrigerator_links
/hu/product/_beko-rssa-290m23-w-h%C5%B1t%C5%91szekr%C3%A9ny-1221325.html	mediamarkt_refrigerator_links
/hu/product/_gorenje-nrk-611-pw4-no-frost-kombin%C3%A1lt-h%C5%B1t%C5%91szekr%C3%A9ny-1260869.html	mediamarkt_refrigerator_links
/hu/product/_gorenje-nrk-611-ps4-no-frost-kombin%C3%A1lt-h%C5%B1t%C5%91szekr%C3%A9ny-1260870.html	mediamarkt_refrigerator_links
/hu/product/_whirlpool-w7-821o-k-no-frost-kombin%C3%A1lt-h%C5%B1t%C5%91szekr%C3%A9ny-1294007.html	mediamarkt_refrigerator_links
/hu/product/_whirlpool-whe39352-fo-fagyaszt%C3%B3l%C3%A1da-1298416.html	mediamarkt_refrigerator_links
/hu/product/_electrolux-euf-2704-aow-fagyaszt%C3%B3szekr%C3%A9ny-1148150.html	mediamarkt_refrigerator_links
/hu/product/_samsung-rs54n3013sa-eo-side-by-side-h%C5%B1t%C5%91szekr%C3%A9ny-1267797.html	mediamarkt_refrigerator_links
/hu/product/_electrolux-euf-1900-aow-fagyaszt%C3%B3szekr%C3%A9ny-1094311.html	mediamarkt_refrigerator_links
/hu/product/_beko-rdsa240k20s-fel%C3%BClfagyaszt%C3%B3s-kombin%C3%A1lt-h%C5%B1t%C5%91szekr%C3%A9ny-1235272.html	mediamarkt_refrigerator_links
/hu/product/_beko-rcsa-330k31-pt-kombin%C3%A1lt-h%C5%B1t%C5%91szekr%C3%A9ny-1235273.html	mediamarkt_refrigerator_links
/hu/product/_gorenje-nrk-6192-tx4-no-frost-kombin%C3%A1lt-h%C5%B1t%C5%91szekr%C3%A9ny-1260872.html	mediamarkt_refrigerator_links
/hu/product/_samsung-rs68n8231b1-ef-side-by-side-h%C5%B1t%C5%91szekr%C3%A9ny-1291482.html	mediamarkt_refrigerator_links
/hu/product/_amica-kgc15636p-fel%C3%BClfagyaszt%C3%B3s-kombin%C3%A1lt-h%C5%B1t%C5%91szekr%C3%A9ny-1291590.html	mediamarkt_refrigerator_links
/hu/product/_beko-rcna-366e40-zxb-neofrost-kombin%C3%A1lt-h%C5%B1t%C5%91szekr%C3%A9ny-1294487.html	mediamarkt_refrigerator_links
/hu/product/_samsung-rb-37-j-5345-ss-ef-no-frost-kombin%C3%A1lt-h%C5%B1t%C5%91szekr%C3%A9ny-1170994.html	mediamarkt_refrigerator_links
/hu/product/_liebherr-ct-2931-fel%C3%BClfagyaszt%C3%B3s-kombin%C3%A1lt-h%C5%B1t%C5%91szekr%C3%A9ny-1281683.html	mediamarkt_refrigerator_links
/hu/product/_zanussi-zfu23403wa-fagyaszt%C3%B3szekr%C3%A9ny-1195272.html	mediamarkt_refrigerator_links
/hu/product/_amica-ks-15612-t-h%C5%B1t%C5%91szekr%C3%A9ny-1235783.html	mediamarkt_refrigerator_links
/hu/product/_zanussi-zfc-41400-wa-fagyaszt%C3%B3l%C3%A1da-1120890.html	mediamarkt_refrigerator_links
/hu/product/_beko-186-1308169.html	mediamarkt_refrigerator_links
/hu/product/_beko-rcsa-365k30-w-1237022.html	mediamarkt_refrigerator_links
/hu/product/_indesit-si6-1-w-h%C5%B1t%C5%91szekr%C3%A9ny-1238106.html	mediamarkt_refrigerator_links
/hu/product/_whirlpool-whm22113-fagyaszt%C3%B3l%C3%A1da-10-%C3%A9v-kompresszor-garancia-1166018.html	mediamarkt_refrigerator_links
/hu/product/_samsung-rs50n3803sa-ef-side-by-side-h%C5%B1t%C5%91szekr%C3%A9ny-1294952.html	mediamarkt_refrigerator_links
/hu/product/_bosch-gsn33vl3p-fagyaszt%C3%B3szekr%C3%A9ny-1259680.html	mediamarkt_refrigerator_links
/hu/product/_gorenje-f-4151-cw-fagyaszt%C3%B3szekr%C3%A9ny-1143332.html	mediamarkt_refrigerator_links
/hu/product/_aeg-rcb73821ty-no-frost-kombin%C3%A1lt-h%C5%B1t%C5%91szekr%C3%A9ny-1287122.html	mediamarkt_refrigerator_links
/hu/product/_electrolux-en-3454-now-no-frost-kombin%C3%A1lt-h%C5%B1t%C5%91szekr%C3%A9ny-1171055.html	mediamarkt_refrigerator_links
/hu/product/_whirlpool-t-tnf-8211-ox-no-frost-kombin%C3%A1lt-h%C5%B1t%C5%91szekr%C3%A9ny-1205765.html	mediamarkt_refrigerator_links
/hu/product/_electrolux-ej2301aow2-kombin%C3%A1lt-h%C5%B1t%C5%91szekr%C3%A9ny-1139714.html	mediamarkt_refrigerator_links
/hu/product/_bomann-kb-340-s-h%C5%B1t%C5%91szekr%C3%A9ny-1299540.html	mediamarkt_refrigerator_links
/hu/product/_beko-rcne-520e41z-x-neofrost-kombin%C3%A1lt-h%C5%B1t%C5%91szekr%C3%A9ny-1237030.html	mediamarkt_refrigerator_links
/hu/product/_whirlpool-w7-921o-ox-h-no-frost-kombin%C3%A1lt-h%C5%B1t%C5%91szekr%C3%A9ny-1294011.html	mediamarkt_refrigerator_links
/hu/product/_gorenje-rk-6193-lw4-kombin%C3%A1lt-h%C5%B1t%C5%91szekr%C3%A9ny-1260867.html	mediamarkt_refrigerator_links
/hu/product/_liebherr-cu-3331-kombin%C3%A1lt-h%C5%B1t%C5%91szekr%C3%A9ny-1281689.html	mediamarkt_refrigerator_links
/hu/product/_aeg-rke63221dw-h%C5%B1t%C5%91szekr%C3%A9ny-1255783.html	mediamarkt_refrigerator_links
/hu/product/_gorenje-nrk-6192-cx4-no-frost-kombin%C3%A1lt-h%C5%B1t%C5%91szekr%C3%A9ny-1260871.html	mediamarkt_refrigerator_links
/hu/product/_samsung-rb-33-j-3230-bc-ef-no-frost-h%C5%B1t%C5%91szekr%C3%A9ny-1171000.html	mediamarkt_refrigerator_links
/hu/product/_electrolux-en3201mow-kombin%C3%A1lt-h%C5%B1t%C5%91szekr%C3%A9ny-1206345.html	mediamarkt_refrigerator_links
/hu/product/_beko-wsa-14000-%C3%BCvegajt%C3%B3s-h%C5%B1t%C5%91szekr%C3%A9ny-1176729.html	mediamarkt_refrigerator_links
/hu/product/_beko-gn-1416220-cx-neofrost-side-by-side-h%C5%B1t%C5%91szekr%C3%A9ny-1246069.html	mediamarkt_refrigerator_links
/hu/product/_beko-wsa-29000-h%C5%B1t%C5%91szekr%C3%A9ny-1176731.html	mediamarkt_refrigerator_links
/hu/product/_hitachi-r-wb550pru2-gbk-no-frost-kombin%C3%A1lt-h%C5%B1t%C5%91szekr%C3%A9ny-1272612.html	mediamarkt_refrigerator_links
/hu/product/_beko-rdsa-290m20-w-fel%C3%BClfagyaszt%C3%B3s-kombin%C3%A1lt-h%C5%B1t%C5%91szekr%C3%A9ny-1237018.html	mediamarkt_refrigerator_links
/hu/product/_samsung-rs67n8211s9-ef-side-by-side-h%C5%B1t%C5%91szekr%C3%A9ny-1265172.html	mediamarkt_refrigerator_links
/hu/product/_electrolux-ert-1501-fow-3-h%C5%B1t%C5%91szekr%C3%A9ny-1171050.html	mediamarkt_refrigerator_links
/hu/product/_beko-rcsa-365k20-ds-kombin%C3%A1lt-h%C5%B1t%C5%91szekr%C3%A9ny-1232045.html	mediamarkt_refrigerator_links
/hu/product/_zanussi-zft-11104-wa-fagyaszt%C3%B3szekr%C3%A9ny-1181176.html	mediamarkt_refrigerator_links
/hu/product/_beko-rcsa-300k30-xp-kombin%C3%A1lt-h%C5%B1t%C5%91szekr%C3%A9ny-1294481.html	mediamarkt_refrigerator_links
/hu/product/_beko-hsa-29520-fagyaszt%C3%B3l%C3%A1da-1106731.html	mediamarkt_refrigerator_links
/hu/product/_beko-rcsa-330k30-pt-kombin%C3%A1lt-h%C5%B1t%C5%91szekr%C3%A9ny-1294483.html	mediamarkt_refrigerator_links
/hu/product/_beko-rcsa240k20w-kombin%C3%A1lt-h%C5%B1t%C5%91szekr%C3%A9ny-1235265.html	mediamarkt_refrigerator_links
/hu/product/_beko-hsa-47520-fagyaszt%C3%B3l%C3%A1da-1106733.html	mediamarkt_refrigerator_links
/hu/product/_samsung-rb37j501mb1-ef-no-frost-kombin%C3%A1lt-h%C5%B1t%C5%91szekr%C3%A9ny-1294955.html	mediamarkt_refrigerator_links
/hu/product/_aeg-age62516nx-no-frost-fagyaszt%C3%B3szekr%C3%A9ny-1255791.html	mediamarkt_refrigerator_links
/hu/product/_amica-fk2965-3laa-kombin%C3%A1lt-h%C5%B1t%C5%91szekr%C3%A9ny-1280140.html	mediamarkt_refrigerator_links
/hu/product/_electrolux-en3853mow-no-frost-kombin%C3%A1lt-h%C5%B1t%C5%91szekr%C3%A9ny-1229309.html	mediamarkt_refrigerator_links
/hu/product/_beko-rdsa-280k20-w-fel%C3%BClfagyaszt%C3%B3s-kombin%C3%A1lt-h%C5%B1t%C5%91szekr%C3%A9ny-1294475.html	mediamarkt_refrigerator_links
/hu/product/_aeg-agb62511nw-fagyaszt%C3%B3szekr%C3%A9ny-1255789.html	mediamarkt_refrigerator_links
/hu/product/_lg-gsb760pzxv-side-by-side-h%C5%B1t%C5%91szekr%C3%A9ny-1209971.html	mediamarkt_refrigerator_links
/hu/product/_beko-rcna-406i30w-neofrost-kombin%C3%A1lt-h%C5%B1t%C5%91szekr%C3%A9ny-1296951.html	mediamarkt_refrigerator_links
/hu/product/_samsung-rt50k6335sl-eo-no-frost-kombin%C3%A1lt-h%C5%B1t%C5%91szekr%C3%A9ny-1271408.html	mediamarkt_refrigerator_links
/hu/product/_gorenje-r-4141-anw-h%C5%B1t%C5%91szekr%C3%A9ny-1260878.html	mediamarkt_refrigerator_links
/hu/product/_beko-rssa-250k20-w-h%C5%B1t%C5%91szekr%C3%A9ny-1294488.html	mediamarkt_refrigerator_links
/hu/product/_beko-wsa-24000-%C3%BCvegajt%C3%B3s-h%C5%B1t%C5%91-1176730.html	mediamarkt_refrigerator_links
/hu/product/_bosch-ksv36vi3p-h%C5%B1t%C5%91szekr%C3%A9ny-1259677.html	mediamarkt_refrigerator_links
/hu/product/_candy-ccvb-30-be%C3%A9p%C3%ADthet%C5%91-borh%C5%B1t%C5%91-1245558.html	mediamarkt_refrigerator_links
/hu/product/_gorenje-nrk-6203-tx4-no-frost-kombin%C3%A1lt-h%C5%B1t%C5%91szekr%C3%A9ny-1260877.html	mediamarkt_refrigerator_links
/hu/product/_whirlpool-w7-821o-ox-no-frost-kombin%C3%A1lt-h%C5%B1t%C5%91szekr%C3%A9ny-1294005.html	mediamarkt_refrigerator_links
/hu/product/_whirlpool-w7-821o-ox-h-no-frost-kombin%C3%A1lt-h%C5%B1t%C5%91szekr%C3%A9ny-1294006.html	mediamarkt_refrigerator_links
/hu/product/_bosch-kgn46xl30-no-frost-kombin%C3%A1lt-h%C5%B1t%C5%91szekr%C3%A9ny-1238043.html	mediamarkt_refrigerator_links
/hu/product/_beko-gn-163220-s-neofrost-side-by-side-kombin%C3%A1lt-h%C5%B1t%C5%91szekr%C3%A9ny-1178445.html	mediamarkt_refrigerator_links
/hu/product/_whirlpool-whm-3911-premium-selection-fagyaszt%C3%B3l%C3%A1da-10-%C3%A9v-kompresszor-garancia-1095824.html	mediamarkt_refrigerator_links
/hu/product/_beko-rcna-365e32dz-x-neofrost-kombin%C3%A1lt-h%C5%B1t%C5%91szekr%C3%A9ny-1237028.html	mediamarkt_refrigerator_links
/hu/product/_samsung-rb-37-j-5005-sa-ef-no-frost-h%C5%B1t%C5%91szekr%C3%A9ny-1170995.html	mediamarkt_refrigerator_links
/hu/product/_beko-fs-166020-fagyaszt%C3%B3szekr%C3%A9ny-1222114.html	mediamarkt_refrigerator_links
/hu/product/_whirlpool-whm25112-premium-selection-fagyaszt%C3%B3l%C3%A1da-10-%C3%A9v-kompresszor-garancia-1096080.html	mediamarkt_refrigerator_links
/hu/product/_bosch-kgn36xw35-no-frost-kombin%C3%A1lt-h%C5%B1t%C5%91szekr%C3%A9ny-1238222.html	mediamarkt_refrigerator_links
/hu/product/_whirlpool-whm4611-premium-selection-fagyaszt%C3%B3l%C3%A1da-10-%C3%A9v-motor-garancia-1096081.html	mediamarkt_refrigerator_links
/hu/product/_bosch-kge-49-vw-4-a-kombin%C3%A1lt-h%C5%B1t%C5%91szekr%C3%A9ny-1264259.html	mediamarkt_refrigerator_links
/hu/product/_beko-gn-1416221-xp-neofrost-side-by-side-h%C5%B1t%C5%91-1260128.html	mediamarkt_refrigerator_links
/hu/product/_lg-gsx961neaz-side-by-side-h%C5%B1t%C5%91szekr%C3%A9ny-1238299.html	mediamarkt_refrigerator_links
/hu/product/_electrolux-en3855mfx-no-frost-kombin%C3%A1lt-h%C5%B1t%C5%91szekr%C3%A9ny-1235800.html	mediamarkt_refrigerator_links
/hu/product/_whirlpool-uw8-f2c-ksb-fagyaszt%C3%B3szekr%C3%A9ny-1254286.html	mediamarkt_refrigerator_links
/hu/product/_amica-kgc-15634-s-fel%C3%BClfagyaszt%C3%B3s-kombin%C3%A1lt-h%C5%B1t%C5%91szekr%C3%A9ny-1269627.html	mediamarkt_refrigerator_links
/hu/product/_whirlpool-wq9-e1l-no-frost-side-by-side-h%C5%B1t%C5%91szekr%C3%A9ny-1261457.html	mediamarkt_refrigerator_links
/hu/product/_candy-cctos-542-xh-h%C5%B1t%C5%91szekr%C3%A9ny-1153177.html	mediamarkt_refrigerator_links
/hu/product/_bosch-gsn33vw3p-fagyaszt%C3%B3szekr%C3%A9ny-1259679.html	mediamarkt_refrigerator_links
/hu/product/_electrolux-en-3601-mow-kombin%C3%A1lt-h%C5%B1t%C5%91szekr%C3%A9ny-1140299.html	mediamarkt_refrigerator_links
/hu/product/_bomann-vs-354-r-h%C5%B1t%C5%91szekr%C3%A9ny-1299541.html	mediamarkt_refrigerator_links
/hu/product/_bomann-vs-354-gr-h%C5%B1t%C5%91szekr%C3%A9ny-1299539.html	mediamarkt_refrigerator_links
/hu/product/_bosch-kur15a65-h%C5%B1t%C5%91szekr%C3%A9ny-1233314.html	mediamarkt_refrigerator_links
/hu/product/_beko-gne-480e20-zxp-neofrost-side-by-side-h%C5%B1t%C5%91szekr%C3%A9ny-1294471.html	mediamarkt_refrigerator_links
/hu/product/_whirlpool-sw8-am2c-xr-6-%C3%A9rz%C3%A9k-h%C5%B1t%C5%91szekr%C3%A9ny-363l-a-1205764.html	mediamarkt_refrigerator_links
/hu/product/_whirlpool-sw6-am2q-w-6-%C3%A9rz%C3%A9k-h%C5%B1t%C5%91szekr%C3%A9ny-318l-a-1205763.html	mediamarkt_refrigerator_links
/hu/product/_beko-gn-163130-x-neofrost-side-by-side-h%C5%B1t%C5%91szekr%C3%A9ny-1294472.html	mediamarkt_refrigerator_links
/hu/product/_beko-blsa-210m2-s-h%C5%B1t%C5%91szekr%C3%A9ny-1302963.html	mediamarkt_refrigerator_links
/hu/product/_candy-ccvb-15-be%C3%A9p%C3%ADthet%C5%91-borh%C5%B1t%C5%91-1241820.html	mediamarkt_refrigerator_links
/hu/product/_bomann-vs-354-y-h%C5%B1t%C5%91szekr%C3%A9ny-1299542.html	mediamarkt_refrigerator_links
/hu/product/_amica-fm136-3aaa-h%C5%B1t%C5%91szekr%C3%A9ny-1268419.html	mediamarkt_refrigerator_links
/hu/product/_beko-rcne-520k21-ds-neofrost-kombin%C3%A1lt-h%C5%B1t%C5%91szekr%C3%A9ny-1237029.html	mediamarkt_refrigerator_links
/hu/product/_gorenje-nrk-612-syb4-no-frost-kombin%C3%A1lt-h%C5%B1t%C5%91szekr%C3%A9ny-1298078.html	mediamarkt_refrigerator_links
/hu/product/_amica-kgc-15632t-fel%C3%BClfagyaszt%C3%B3s-kombin%C3%A1lt-h%C5%B1t%C5%91szekr%C3%A9ny-1277432.html	mediamarkt_refrigerator_links
/hu/product/_gorenje-obrb-153-r-h%C5%B1t%C5%91szekr%C3%A9ny-1229102.html	mediamarkt_refrigerator_links
/hu/product/_indesit-lr8-s2-xb-kombin%C3%A1lt-h%C5%B1t%C5%91szekr%C3%A9ny-1226761.html	mediamarkt_refrigerator_links
/hu/product/_liebherr-kb-4310-h%C5%B1t%C5%91szekr%C3%A9ny-1200430.html	mediamarkt_refrigerator_links
/hu/product/_samsung-rb37j501mww-ef-no-frost-kombin%C3%A1lt-h%C5%B1t%C5%91szekr%C3%A9ny-1291476.html	mediamarkt_refrigerator_links
/hu/product/_indesit-li8-s1-x-kombin%C3%A1lt-h%C5%B1t%C5%91szekr%C3%A9ny-1191061.html	mediamarkt_refrigerator_links
/hu/product/_samsung-rs66n8101s9-ef-side-by-side-h%C5%B1t%C5%91szekr%C3%A9ny-1265173.html	mediamarkt_refrigerator_links
/hu/product/_candy-cvrds-6174rh-fel%C3%BClfagyaszt%C3%B3s-kombin%C3%A1lt-h%C5%B1t%C5%91szekr%C3%A9ny-1292926.html	mediamarkt_refrigerator_links
/hu/product/_beko-csa-300m20-x-kombin%C3%A1lt-h%C5%B1t%C5%91szekr%C3%A9ny-1294480.html	mediamarkt_refrigerator_links
/hu/product/_indesit-li7-s1-w-kombin%C3%A1lt-h%C5%B1t%C5%91szekr%C3%A9ny-1191058.html	mediamarkt_refrigerator_links
/hu/product/_aeg-rcb93734kx-no-frost-h%C5%B1t%C5%91szekr%C3%A9ny-1255796.html	mediamarkt_refrigerator_links
/hu/product/_electrolux-en3885mox-no-frost-kombin%C3%A1lt-h%C5%B1t%C5%91szekr%C3%A9ny-1287121.html	mediamarkt_refrigerator_links
/hu/product/_electrolux-en3854pox-no-frost-kombin%C3%A1lt-h%C5%B1t%C5%91szekr%C3%A9ny-1206348.html	mediamarkt_refrigerator_links
/hu/product/_proficook-pc-gk-1162-borh%C5%B1t%C5%91-1281403.html	mediamarkt_refrigerator_links
/hu/product/_amica-kgc-15686-w-fel%C3%BClfagyaszt%C3%B3s-kombin%C3%A1lt-h%C5%B1t%C5%91szekr%C3%A9ny-1219834.html	mediamarkt_refrigerator_links
/hu/product/_beko-rcne-560e30dzxb-no-frost-alulfagyaszt%C3%B3s-kombin%C3%A1lt-h%C5%B1t%C5%91szekr%C3%A9ny-1298413.html	mediamarkt_refrigerator_links
/hu/product/_amica-fd2015-4x-fel%C3%BClfagyaszt%C3%B3s-kombin%C3%A1lt-h%C5%B1t%C5%91szekr%C3%A9ny-1291589.html	mediamarkt_refrigerator_links
/hu/product/_beko-csa-270m30-x-kombin%C3%A1lt-h%C5%B1t%C5%91szekr%C3%A9ny-1294479.html	mediamarkt_refrigerator_links
/hu/product/_bosch-kgn56xi40-no-frost-kombin%C3%A1lt-h%C5%B1t%C5%91szekr%C3%A9ny-1246867.html	mediamarkt_refrigerator_links
/hu/product/_proficook-pc-gk-1163-borh%C5%B1t%C5%91-1281404.html	mediamarkt_refrigerator_links
/hu/product/_beko-csa-270m30-w-kombin%C3%A1lt-h%C5%B1t%C5%91szekr%C3%A9ny-1294478.html	mediamarkt_refrigerator_links
/hu/product/_caso-wineduett-touch-21-635-borh%C5%B1t%C5%91-1175469.html	mediamarkt_refrigerator_links
/hu/product/_indesit-lr6-s2-x-kombin%C3%A1lt-h%C5%B1t%C5%91szekr%C3%A9ny-1209925.html	mediamarkt_refrigerator_links
/hu/product/_liebherr-wtb-4212-001-borh%C5%B1t%C5%91-1093529.html	mediamarkt_refrigerator_links
/hu/product/_hotpoint-ariston-sxbhae-924-wd-no-frost-side-by-side-h%C5%B1t%C5%91szekr%C3%A9ny-1260018.html	mediamarkt_refrigerator_links
/hu/product/_beko-hsa-37530-fagyaszt%C3%B3l%C3%A1da-1165908.html	mediamarkt_refrigerator_links
/hu/product/_aeg-rke73924mx-h%C5%B1t%C5%91szekr%C3%A9ny-1255787.html	mediamarkt_refrigerator_links
/hu/product/_beko-rcna-366i30-w-neofrost-kombin%C3%A1lt-h%C5%B1t%C5%91szekr%C3%A9ny-1294485.html	mediamarkt_refrigerator_links
/hu/product/_mobicool-ck40d-h%C5%B1t%C5%91l%C3%A1da-12-230v-38-l-1259389.html	mediamarkt_refrigerator_links
/hu/product/_beko-mcna-406i40xb-neofrost-kombin%C3%A1lt-h%C5%B1t%C5%91szekr%C3%A9ny-1296950.html	mediamarkt_refrigerator_links
/hu/product/_haier-hrf-522ig7-side-by-side-h%C5%B1t%C5%91szekr%C3%A9ny-1277860.html	mediamarkt_refrigerator_links
/hu/product/_bosch-kgf56pi40-no-frost-kombin%C3%A1lt-h%C5%B1t%C5%91szekr%C3%A9ny-1259675.html	mediamarkt_refrigerator_links
/hu/product/_lg-gsx961mtaz-sxs-side-by-side-h%C5%B1t%C5%91szekr%C3%A9ny-1278687.html	mediamarkt_refrigerator_links
/hu/product/_sharp-sj-ex820fsl-no-frost-side-by-side-h%C5%B1t%C5%91szekr%C3%A9ny-1201381.html	mediamarkt_refrigerator_links
/hu/product/_electrolux-en3201mox-kombin%C3%A1lt-h%C5%B1t%C5%91szekr%C3%A9ny-1206346.html	mediamarkt_refrigerator_links
/hu/product/_samsung-rs67n8211b1-ef-side-by-side-h%C5%B1t%C5%91szekr%C3%A9ny-1291480.html	mediamarkt_refrigerator_links
/hu/product/_beko-rcsa-330k30-w-kombin%C3%A1lt-h%C5%B1t%C5%91szekr%C3%A9ny-1294482.html	mediamarkt_refrigerator_links
/hu/product/_whirlpool-w5-921e-ox-kombin%C3%A1lt-h%C5%B1t%C5%91szekr%C3%A9ny-1294004.html	mediamarkt_refrigerator_links
/hu/product/_bosch-kgn49lb30-no-frost-kombin%C3%A1lt-h%C5%B1t%C5%91szekr%C3%A9ny-1273981.html	mediamarkt_refrigerator_links
/hu/product/_haier-hrf-522ig6-side-by-side-h%C5%B1t%C5%91szekr%C3%A9ny-1277859.html	mediamarkt_refrigerator_links
/hu/product/_samsung-rb37j542vsa-ef-no-frost-kombin%C3%A1lt-h%C5%B1t%C5%91szekr%C3%A9ny-1294953.html	mediamarkt_refrigerator_links
/hu/product/_electrolux-en3484mox-no-frost-kombin%C3%A1lt-h%C5%B1t%C5%91szekr%C3%A9ny-1287120.html	mediamarkt_refrigerator_links
/hu/product/_amica-fm050-4-h%C5%B1t%C5%91szekr%C3%A9ny-1240432.html	mediamarkt_refrigerator_links
/hu/product/_samsung-rs68n8221s9-ef-side-by-side-h%C5%B1t%C5%91szekr%C3%A9ny-1291481.html	mediamarkt_refrigerator_links
/hu/product/_indesit-lr6-s2-w-kombin%C3%A1lt-h%C5%B1t%C5%91szekr%C3%A9ny-1209926.html	mediamarkt_refrigerator_links
/hu/product/_whirlpool-w9-821d-ox-h-no-frost-kombin%C3%A1lt-h%C5%B1t%C5%91szekr%C3%A9ny-1294015.html	mediamarkt_refrigerator_links
/hu/product/_liebherr-cnpel-4313-21-kombin%C3%A1lt-h%C5%B1t%C5%91szekr%C3%A9ny-1253560.html	mediamarkt_refrigerator_links
/hu/product/_bosch-kad90vi20-side-by-side-h%C5%B1t%C5%91szekr%C3%A9ny-1185205.html	mediamarkt_refrigerator_links
/hu/product/_bosch-kag90ai20-side-by-side-h%C5%B1t%C5%91szekr%C3%A9ny-1287648.html	mediamarkt_refrigerator_links
/hu/product/_lg-gsj961nebz-side-by-side-h%C5%B1t%C5%91szekr%C3%A9ny-1209964.html	mediamarkt_refrigerator_links
/hu/product/_bosch-ksv33vw3p-h%C5%B1t%C5%91szekr%C3%A9ny-1259676.html	mediamarkt_refrigerator_links
/hu/product/_beko-rcsa270k20s-kombin%C3%A1lt-h%C5%B1t%C5%91szekr%C3%A9ny-1235266.html	mediamarkt_refrigerator_links
/hu/product/_whirlpool-w9-931d-ks-no-frost-kombin%C3%A1lt-h%C5%B1t%C5%91szekr%C3%A9ny-1294017.html	mediamarkt_refrigerator_links
/hu/product/_gorenje-ork-192-co-kombin%C3%A1lt-h%C5%B1t%C5%91szekr%C3%A9ny-1194379.html	mediamarkt_refrigerator_links
/hu/product/_beko-cna-340i20xb-neofrost-kombin%C3%A1lt-h%C5%B1t%C5%91szekr%C3%A9ny-1296952.html	mediamarkt_refrigerator_links
/hu/product/_whirlpool-sw8-am2c-xrl-6-%C3%A9rz%C3%A9k-h%C5%B1t%C5%91szekr%C3%A9ny-363l-a-1254280.html	mediamarkt_refrigerator_links
/hu/product/_amica-kgc-15631-r-fel%C3%BClfagyaszt%C3%B3s-kombin%C3%A1lt-h%C5%B1t%C5%91szekr%C3%A9ny-1249100.html	mediamarkt_refrigerator_links
/hu/product/_whirlpool-w7-831t-ox-h-no-frost-kombin%C3%A1lt-h%C5%B1t%C5%91szekr%C3%A9ny-1294009.html	mediamarkt_refrigerator_links
/hu/product/_hitachi-r-bg410pru6x-gbk-no-frost-kombin%C3%A1lt-h%C5%B1t%C5%91szekr%C3%A9ny-1272614.html	mediamarkt_refrigerator_links
/hu/product/_beko-hsa-24520-fagyaszt%C3%B3l%C3%A1da-1237033.html	mediamarkt_refrigerator_links
/hu/product/_beko-rdsa-240k30-w-fel%C3%BClfagyaszt%C3%B3s-kombin%C3%A1lt-h%C5%B1t%C5%91szekr%C3%A9ny-1235271.html	mediamarkt_refrigerator_links
/hu/product/_gorenje-rk-6192-erd-facelift-kombin%C3%A1lt-h%C5%B1t%C5%91szekr%C3%A9ny-1194366.html	mediamarkt_refrigerator_links
/hu/product/_whirlpool-sw8-am2c-kar-6-%C3%A9rz%C3%A9k-h%C5%B1t%C5%91szekr%C3%A9ny-363l-a-1254281.html	mediamarkt_refrigerator_links
/hu/product/_candy-cctos-504-wh-h%C5%B1t%C5%91szekr%C3%A9ny-1163852.html	mediamarkt_refrigerator_links
/hu/product/_amica-fd2015-4-fel%C3%BClfagyaszt%C3%B3s-kombin%C3%A1lt-h%C5%B1t%C5%91szekr%C3%A9ny-1283900.html	mediamarkt_refrigerator_links
/hu/product/_haier-a3fe635cmj-no-frost-kombin%C3%A1lt-h%C5%B1t%C5%91szekr%C3%A9ny-1277858.html	mediamarkt_refrigerator_links
/hu/product/_beko-dn-156720-dx-neofrost-fel%C3%BClfagyaszt%C3%B3s-kombin%C3%A1lt-h%C5%B1t%C5%91szekr%C3%A9ny-1182347.html	mediamarkt_refrigerator_links
/hu/product/_amica-ks-15610-r-h%C5%B1t%C5%91szekr%C3%A9ny-1235781.html	mediamarkt_refrigerator_links
/hu/product/_hitachi-r-bg410pru6x-xgr-no-frost-kombin%C3%A1lt-h%C5%B1t%C5%91szekr%C3%A9ny-1272615.html	mediamarkt_refrigerator_links
/hu/product/_gorenje-nrk-6192-mc-kombin%C3%A1lt-h%C5%B1t%C5%91szekr%C3%A9ny-1194368.html	mediamarkt_refrigerator_links
/hu/product/_whirlpool-w9-931d-b-h-no-frost-kombin%C3%A1lt-h%C5%B1t%C5%91szekr%C3%A9ny-1294018.html	mediamarkt_refrigerator_links
/hu/product/_gorenje-nrk-6192-mrd-no-frost-kombin%C3%A1lt-h%C5%B1t%C5%91szekr%C3%A9ny-1194369.html	mediamarkt_refrigerator_links
/hu/product/_aeg-age62221aw-fagyaszt%C3%B3szekr%C3%A9ny-1255788.html	mediamarkt_refrigerator_links
/hu/product/_beko-gn-163120-s-neofrost-side-by-side-h%C5%B1t%C5%91szekr%C3%A9ny-1204455.html	mediamarkt_refrigerator_links
/hu/product/_beko-rcna-366e30-zxp-neofrost-kombin%C3%A1lt-h%C5%B1t%C5%91szekr%C3%A9ny-1294486.html	mediamarkt_refrigerator_links
/hu/product/_candy-cmdds-5144wh-fel%C3%BClfagyaszt%C3%B3s-kombin%C3%A1lt-h%C5%B1t%C5%91szekr%C3%A9ny-1264176.html	mediamarkt_refrigerator_links
/hu/product/_beko-gne-134620-x-neofrost-side-by-side-h%C5%B1t%C5%91szekr%C3%A9ny-1204454.html	mediamarkt_refrigerator_links
/hu/product/_beko-gne-134630-x-neofrost-side-by-side-h%C5%B1t%C5%91szekr%C3%A9ny-1204453.html	mediamarkt_refrigerator_links
/hu/product/_whirlpool-whe31352-fo-fagyaszt%C3%B3l%C3%A1da-1298417.html	mediamarkt_refrigerator_links
/hu/product/_hotpoint-ariston-sxbhae-925-no-frost-side-by-side-h%C5%B1t%C5%91szekr%C3%A9ny-1260019.html	mediamarkt_refrigerator_links
/hu/product/_beko-rcsa-365k20-w-kombin%C3%A1lt-h%C5%B1t%C5%91szekr%C3%A9ny-1237021.html	mediamarkt_refrigerator_links
/hu/product/_hitachi-r-bg410pru6x-gbe-no-frost-kombin%C3%A1lt-h%C5%B1t%C5%91szekr%C3%A9ny-1272616.html	mediamarkt_refrigerator_links
/hu/product/_whirlpool-w9-931d-ix-no-frost-kombin%C3%A1lt-h%C5%B1t%C5%91szekr%C3%A9ny-1294016.html	mediamarkt_refrigerator_links
/hu/product/_zanussi-zrb-36101xa-kombin%C3%A1lt-h%C5%B1t%C5%91szekr%C3%A9ny-1112128.html	mediamarkt_refrigerator_links
/hu/product/_beko-hs-210520-fagyaszt%C3%B3l%C3%A1da-1237032.html	mediamarkt_refrigerator_links
/hu/product/_beko-hs-221520-fagyaszt%C3%B3l%C3%A1da-1161857.html	mediamarkt_refrigerator_links
/hu/product/_amica-fd4328-3dfx-fel%C3%BClfagyaszt%C3%B3s-kombin%C3%A1lt-h%C5%B1t%C5%91szekr%C3%A9ny-1268423.html	mediamarkt_refrigerator_links
/hu/product/_haier-hb14fmaa-no-frost-kombin%C3%A1lt-h%C5%B1t%C5%91szekr%C3%A9ny-1201798.html	mediamarkt_refrigerator_links
/hu/product/_candy-ccous-6172wh-fagyaszt%C3%B3szekr%C3%A9ny-1226230.html	mediamarkt_refrigerator_links
/hu/product/_bomann-kb-389-w-h%C5%B1t%C5%91szekr%C3%A9ny-1299534.html	mediamarkt_refrigerator_links
/hu/product/_bosch-ksv36bi3p-h%C5%B1t%C5%91szekr%C3%A9ny-1259678.html	mediamarkt_refrigerator_links
/hu/product/_beko-rfne-290e23-w-fagyaszt%C3%B3szekr%C3%A9ny-1294489.html	mediamarkt_refrigerator_links
/hu/product/_hotpoint-ariston-entm-18210-vw-kombin%C3%A1lt-h%C5%B1t%C5%91szekr%C3%A9ny-1108528.html	mediamarkt_refrigerator_links
/hu/product/_whirlpool-wq9-b2l-side-by-side-h%C5%B1t%C5%91szekr%C3%A9ny-1294019.html	mediamarkt_refrigerator_links
/hu/product/_hyundai-hyuvin28-borh%C5%B1t%C5%91-1165006.html	mediamarkt_refrigerator_links
/hu/product/_amica-fk3857-4dfx-no-frost-kombin%C3%A1lt-h%C5%B1t%C5%91szekr%C3%A9ny-1268424.html	mediamarkt_refrigerator_links
/hu/product/_aeg-rcb53421lw-kombin%C3%A1lt-h%C5%B1t%C5%91szekr%C3%A9ny-1255792.html	mediamarkt_refrigerator_links
/hu/product/_aeg-rcb53421lx-kombin%C3%A1lt-h%C5%B1t%C5%91szekr%C3%A9ny-1255793.html	mediamarkt_refrigerator_links
/hu/product/_navon-263-a-fel%C3%BClfagyaszt%C3%B3s-kombin%C3%A1lt-h%C5%B1t%C5%91szekr%C3%A9ny-1297330.html	mediamarkt_refrigerator_links
/hu/product/_amica-ks-15615-b-h%C5%B1t%C5%91szekr%C3%A9ny-1235785.html	mediamarkt_refrigerator_links
/hu/product/_whirlpool-w84be-72-x-no-frost-kombin%C3%A1lt-h%C5%B1t%C5%91szekr%C3%A9ny-1294020.html	mediamarkt_refrigerator_links
/hu/product/_amica-ks-15616-p-h%C5%B1t%C5%91szekr%C3%A9ny-1235786.html	mediamarkt_refrigerator_links
/hu/product/_beko-hsa-40520-fagyaszt%C3%B3l%C3%A1da-1237034.html	mediamarkt_refrigerator_links
/hu/product/_bosch-kgn-39-hiep-no-frost-kombin%C3%A1lt-h%C5%B1t%C5%91szekr%C3%A9ny-1308903.html	mediamarkt_refrigerator_links
/hu/product/_gorenje-f-4091-anw-fagyaszt%C3%B3szekr%C3%A9ny-1237820.html	mediamarkt_refrigerator_links
/hu/product/_samsung-rl4353rbasl-eo-no-frost-kombin%C3%A1lt-h%C5%B1t%C5%91szekr%C3%A9ny-1271407.html	mediamarkt_refrigerator_links
/hu/product/_liebherr-gnp-2313-fagyaszt%C3%B3szekr%C3%A9ny-1200445.html	mediamarkt_refrigerator_links
/hu/product/_whirlpool-wnf9-t3z-x-h-total-no-frost-kombin%C3%A1lt-h%C5%B1t%C5%91szekr%C3%A9ny-a-1237830.html	mediamarkt_refrigerator_links
/hu/product/_liebherr-gnp-3755-fagyaszt%C3%B3szekr%C3%A9ny-1200447.html	mediamarkt_refrigerator_links
/hu/product/_candy-cmnr-6184w-wifi-kombin%C3%A1lt-h%C5%B1t%C5%91szekr%C3%A9ny-1296953.html	mediamarkt_refrigerator_links
/hu/product/_caso-winesafe-18eb-628-borh%C5%B1t%C5%91-1175472.html	mediamarkt_refrigerator_links
/hu/product/_hotpoint-ariston-entm-182a0-vw-kombin%C3%A1lt-h%C5%B1t%C5%91szekr%C3%A9ny-1136029.html	mediamarkt_refrigerator_links
/hu/product/_beko-rcsa-365k20-x-kombin%C3%A1lt-h%C5%B1t%C5%91szekr%C3%A9ny-1237024.html	mediamarkt_refrigerator_links
/hu/product/_aeg-s93930cmxf-no-frost-kombi%C3%A1nlt-h%C5%B1t%C5%91szekr%C3%A9ny-1195343.html	mediamarkt_refrigerator_links
/hu/product/_haier-hrf-521dm6-side-by-side-h%C5%B1t%C5%91szekr%C3%A9ny-1197475.html	mediamarkt_refrigerator_links
/hu/product/_hausmeister-hm-1840-fagyaszt%C3%B3szekr%C3%A9ny-1080066.html	mediamarkt_refrigerator_links
/hu/product/_liebherr-gp-2433-fagyaszt%C3%B3szekr%C3%A9ny-%C3%A1ll%C3%B3-1149171.html	mediamarkt_refrigerator_links
/hu/product/_whirlpool-w4d7-aaa-x-c-no-frost-kombin%C3%A1lt-h%C5%B1t%C5%91szekr%C3%A9ny-1294021.html	mediamarkt_refrigerator_links
/hu/product/_beko-fse-1072-fagyaszt%C3%B3szekr%C3%A9ny-1222115.html	mediamarkt_refrigerator_links
/hu/product/_whirlpool-b-tnf-5322-ox-no-frost-kombin%C3%A1lt-h%C5%B1t%C5%91szekr%C3%A9ny-1259995.html	mediamarkt_refrigerator_links
/hu/product/_whirlpool-w4d7-aaa-b-c-no-frost-kombin%C3%A1lt-h%C5%B1t%C5%91szekr%C3%A9ny-1294022.html	mediamarkt_refrigerator_links
/hu/product/_electrolux-en3455mfx-no-frost-kombin%C3%A1lt-h%C5%B1t%C5%91szekr%C3%A9ny-1235799.html	mediamarkt_refrigerator_links
/hu/product/_beko-rfsa-240m23-w-fagyaszt%C3%B3szekr%C3%A9ny-1224430.html	mediamarkt_refrigerator_links
/hu/product/_candy-cmgn-6184s-kombin%C3%A1lt-h%C5%B1t%C5%91szekr%C3%A9ny-1278055.html	mediamarkt_refrigerator_links
/hu/product/_amica-fs101-3-fagyaszt%C3%B3l%C3%A1da-1284474.html	mediamarkt_refrigerator_links
/hu/product/_beko-rcna-340k20-w-neofrost-kombin%C3%A1lt-h%C5%B1t%C5%91szekr%C3%A9ny-1203335.html	mediamarkt_refrigerator_links
/hu/product/_electrolux-en3453mow-no-frost-kombin%C3%A1lt-h%C5%B1t%C5%91szekr%C3%A9ny-1252340.html	mediamarkt_refrigerator_links
/hu/product/_aeg-rcb83724mx-no-frost-kombin%C3%A1lt-h%C5%B1t%C5%91szekr%C3%A9ny-1255795.html	mediamarkt_refrigerator_links
/hu/product/_bosch-kgn56ai30-no-frost-alulfagyaszt%C3%B3s-h%C5%B1t%C5%91szekr%C3%A9ny-1198179.html	mediamarkt_refrigerator_links
/hu/product/_miele-kfn28132-ws-kombin%C3%A1lt-h%C5%B1t%C5%91szekr%C3%A9ny-1230308.html	mediamarkt_refrigerator_links
/hu/product/_beko-ts-190320-h%C5%B1t%C5%91szekr%C3%A9ny-1200641.html	mediamarkt_refrigerator_links
/hu/product/_electrolux-en3453mox-no-frost-kombin%C3%A1lt-h%C5%B1t%C5%91szekr%C3%A9ny-1252341.html	mediamarkt_refrigerator_links
/hu/product/_gorenje-nrm-8181-mx-side-by-side-h%C5%B1t%C5%91szekr%C3%A9ny-1306444.html	mediamarkt_refrigerator_links
/hu/product/_hotpoint-ariston-enbyh-19323-fw-o3-kombin%C3%A1lt-h%C5%B1t%C5%91szekr%C3%A9ny-1120186.html	mediamarkt_refrigerator_links
/hu/product/_bosch-kge39vi4a-kombin%C3%A1lt-h%C5%B1t%C5%91szekr%C3%A9ny-1259674.html	mediamarkt_refrigerator_links
/hu/product/_beko-tse-1283-h%C5%B1t%C5%91szekr%C3%A9ny-1200642.html	mediamarkt_refrigerator_links
/hu/product/_candy-ctlp130-h%C5%B1t%C5%91szekr%C3%A9ny-1292923.html	mediamarkt_refrigerator_links
/hu/product/_beko-fs-129920-fagyaszt%C3%B3szekr%C3%A9ny-1159570.html	mediamarkt_refrigerator_links
/hu/product/_beko-tse-1422-h%C5%B1t%C5%91szekr%C3%A9ny-1200643.html	mediamarkt_refrigerator_links
/hu/product/_amica-fc100-4-h%C5%B1t%C5%91szekr%C3%A9ny-1284473.html	mediamarkt_refrigerator_links
/hu/product/_candy-cmgn-6184w-kombin%C3%A1lt-h%C5%B1t%C5%91szekr%C3%A9ny-1278053.html	mediamarkt_refrigerator_links
/hu/product/_candy-cmgn-6184b-kombin%C3%A1lt-h%C5%B1t%C5%91szekr%C3%A9ny-1278054.html	mediamarkt_refrigerator_links
/hu/product/_indesit-ui6-f1t-s-fagyaszt%C3%B3szekr%C3%A9ny-1238111.html	mediamarkt_refrigerator_links
/hu/product/_aeg-rcb53426tx-no-frost-kombin%C3%A1lt-h%C5%B1t%C5%91szekr%C3%A9ny-1255794.html	mediamarkt_refrigerator_links
/hu/product/_amica-fm133-3aa-h%C5%B1t%C5%91szekr%C3%A9ny-1280136.html	mediamarkt_refrigerator_links
/hu/product/_beko-gn-163120-neofrost-side-by-side-h%C5%B1t%C5%91szekr%C3%A9ny-1199875.html	mediamarkt_refrigerator_links
/hu/product/_miele-kfn29283-d-bb-no-frost-kombin%C3%A1lt-h%C5%B1t%C5%91szekr%C3%A9ny-1198033.html	mediamarkt_refrigerator_links
/hu/product/_caso-winecase-8-608-borh%C5%B1t%C5%91-1175466.html	mediamarkt_refrigerator_links
/hu/product/_amica-kgc-15635b-fel%C3%BClfagyaszt%C3%B3s-kombin%C3%A1lt-h%C5%B1t%C5%91szekr%C3%A9ny-1268418.html	mediamarkt_refrigerator_links
/hu/product/_gorenje-nrk-6202-mx4-alulfagyaszt%C3%B3s-kombin%C3%A1lt-h%C5%B1t%C5%91szekr%C3%A9ny-1260876.html	mediamarkt_refrigerator_links
/hu/product/_beko-tse-1262%C2%A0h%C5%B1t%C5%91szekr%C3%A9ny-1200644.html	mediamarkt_refrigerator_links
/hu/product/_liebherr-cnel-4213-no-frost-kombin%C3%A1lt-h%C5%B1t%C5%91szekr%C3%A9ny-1225449.html	mediamarkt_refrigerator_links
/hu/product/_neff-gi1213d30-be%C3%A9p%C3%ADthet%C5%91-fagyaszt%C3%B3szekr%C3%A9ny-1245751.html	mediamarkt_refrigerator_links
/hu/product/_whirlpool-uw4-f2y-wb-f-fagyaszt%C3%B3szekr%C3%A9ny-1205771.html	mediamarkt_refrigerator_links
/hu/product/_beko-fbi-5850-be%C3%A9p%C3%ADthet%C5%91-fagyaszt%C3%B3szekr%C3%A9ny-1238298.html	mediamarkt_refrigerator_links
/hu/product/_aeg-rmb66111nx-no-frost-side-by-side-h%C5%B1t%C5%91szekr%C3%A9ny-1290223.html	mediamarkt_refrigerator_links
/hu/product/_amica-fc1224-4-h%C5%B1t%C5%91szekr%C3%A9ny-1280134.html	mediamarkt_refrigerator_links
/hu/product/_bosch-kge36vw4a-kombin%C3%A1lt-h%C5%B1t%C5%91szekr%C3%A9ny-1287644.html	mediamarkt_refrigerator_links
